-- Remove all data from tables (disable FK checks)
SET FOREIGN_KEY_CHECKS = 0;
DELETE FROM USER;
DELETE FROM DEPARTMENT;
DELETE FROM USERTYPE;
SET FOREIGN_KEY_CHECKS = 1;

-- Remove all data from lowercase tables (for case-sensitive systems)
SET FOREIGN_KEY_CHECKS = 0;
DELETE FROM user;
DELETE FROM department;
DELETE FROM usertype;
SET FOREIGN_KEY_CHECKS = 1;

-- Create tables




-- Insert user types
INSERT INTO USERTYPE (TYPEID, TYPENAME) VALUES 
(100, 'Administrator'),
(101, 'Manager'),
(102, 'Regular User'),
(103, 'Contractor'),
(104, 'HR Staff'),
(105, 'Regular User'),
(106, 'External'),
(107, 'System'),
(108, 'Training');



-- Insert department data in correct order (parent departments first)
INSERT INTO DEPARTMENT (DEPTID,DEPTNAME,PARENTID) VALUES (1,'ACME',null);
INSERT INTO DEPARTMENT (DEPTID,DEPTNAME,PARENTID) VALUES (111,'CORPORATE',1);
INSERT INTO DEPARTMENT (DEPTID,DEPTNAME,PARENTID) VALUES (110,'SALES',1);
INSERT INTO DEPARTMENT (DEPTID,DEPTNAME,PARENTID) VALUES (129,'INTERNATIONAL',1);
INSERT INTO DEPARTMENT (DEPTID,DEPTNAME,PARENTID) VALUES (123,'PRODUCT DIVISION',1);
INSERT INTO DEPARTMENT (DEPTID,DEPTNAME,PARENTID) VALUES (104,'GENERAL SERVICES',1);
INSERT INTO DEPARTMENT (DEPTID,DEPTNAME,PARENTID) VALUES (108,'EXTERNAL',1);
INSERT INTO DEPARTMENT (DEPTID,DEPTNAME,PARENTID) VALUES (5752,'WEALTH MANAGEMENT',1);
INSERT INTO DEPARTMENT (DEPTID,DEPTNAME,PARENTID) VALUES (5753,'RETAIL MARKETS',1);

-- Insert departments with dependencies

INSERT INTO DEPARTMENT (DEPTID,DEPTNAME,PARENTID) VALUES (112,'IT',111);
INSERT INTO DEPARTMENT (DEPTID,DEPTNAME,PARENTID) VALUES (113,'ADMINISTRATION, FINANCE AND CONTROL',111);
INSERT INTO DEPARTMENT (DEPTID,DEPTNAME,PARENTID) VALUES (118,'AUDIT',111);
INSERT INTO DEPARTMENT (DEPTID,DEPTNAME,PARENTID) VALUES (119,'PROCUREMENT',111);
INSERT INTO DEPARTMENT (DEPTID,DEPTNAME,PARENTID) VALUES (120,'LEGAL',111);
INSERT INTO DEPARTMENT (DEPTID,DEPTNAME,PARENTID) VALUES (124,'RISK MANAGEMENT',111);
INSERT INTO DEPARTMENT (DEPTID,DEPTNAME,PARENTID) VALUES (125,'HUMAN RESOURCES',111);
INSERT INTO DEPARTMENT (DEPTID,DEPTNAME,PARENTID) VALUES (130,'CEO STAFF',111);

INSERT INTO DEPARTMENT (DEPTID,DEPTNAME,PARENTID) VALUES (105,'MARKETING',110);
INSERT INTO DEPARTMENT (DEPTID,DEPTNAME,PARENTID) VALUES (122,'CUSTOMER SERVICE',110);

INSERT INTO DEPARTMENT (DEPTID,DEPTNAME,PARENTID) VALUES (103,'COUNTRY MANAGER EMEA',129);
INSERT INTO DEPARTMENT (DEPTID,DEPTNAME,PARENTID) VALUES (106,'INTERNATIONAL HR',129);
INSERT INTO DEPARTMENT (DEPTID,DEPTNAME,PARENTID) VALUES (109,'COUNTRY MANAGER EAST EUROPE',129);
INSERT INTO DEPARTMENT (DEPTID,DEPTNAME,PARENTID) VALUES (115,'INT PLANNING AND CONTROL',129);
INSERT INTO DEPARTMENT (DEPTID,DEPTNAME,PARENTID) VALUES (116,'INTEGR, SAFETY AND OPERATION SUPPORT',129);

INSERT INTO DEPARTMENT (DEPTID,DEPTNAME,PARENTID) VALUES (101,'SOUTH',123);
INSERT INTO DEPARTMENT (DEPTID,DEPTNAME,PARENTID) VALUES (102,'QUALITY AND SECURITY',123);
INSERT INTO DEPARTMENT (DEPTID,DEPTNAME,PARENTID) VALUES (114,'CENTER',123);
INSERT INTO DEPARTMENT (DEPTID,DEPTNAME,PARENTID) VALUES (121,'COMPLIANCE AND ANTITRUST',123);
INSERT INTO DEPARTMENT (DEPTID,DEPTNAME,PARENTID) VALUES (126,'NORTH',123);
INSERT INTO DEPARTMENT (DEPTID,DEPTNAME,PARENTID) VALUES (127,'PRODUCT  DEVELOPMENT',123);

INSERT INTO DEPARTMENT (DEPTID,DEPTNAME,PARENTID) VALUES (128,'ADMINISTRATION',104);
INSERT INTO DEPARTMENT (DEPTID,DEPTNAME,PARENTID) VALUES (107,'SHARED AND FUNCTIONAL',112);
INSERT INTO DEPARTMENT (DEPTID,DEPTNAME,PARENTID) VALUES (117,'SYSTEMS ADMINISTRATION',112);

-- Insert user data
-- Managers
INSERT INTO USER (FIRSTNAME,LASTNAME,STREETADDR,CITY,STATE,ZIPCODE,TITLE,MANAGER,ISMANAGER,EDULEVEL,STATUS,DEPTID,TYPEID,USERID,DATE_MODIFIED) VALUES ('Alice','Manager',null,'New York','NY',null,'Head of IT',null,'1','Bachelor','1',112,101,'alice_mgr',CURRENT_TIMESTAMP);
INSERT INTO USER (FIRSTNAME,LASTNAME,STREETADDR,CITY,STATE,ZIPCODE,TITLE,MANAGER,ISMANAGER,EDULEVEL,STATUS,DEPTID,TYPEID,USERID,DATE_MODIFIED) VALUES ('Bob','Manager',null,'Chicago','IL',null,'Head of Marketing',null,'1','Master','1',105,101,'bob_mgr',CURRENT_TIMESTAMP);
INSERT INTO USER (FIRSTNAME,LASTNAME,STREETADDR,CITY,STATE,ZIPCODE,TITLE,MANAGER,ISMANAGER,EDULEVEL,STATUS,DEPTID,TYPEID,USERID,DATE_MODIFIED) VALUES ('Carol','Manager',null,'Miami','FL',null,'Head of Legal',null,'1','Master','1',120,101,'carol_mgr',CURRENT_TIMESTAMP);
INSERT INTO USER (FIRSTNAME,LASTNAME,STREETADDR,CITY,STATE,ZIPCODE,TITLE,MANAGER,ISMANAGER,EDULEVEL,STATUS,DEPTID,TYPEID,USERID,DATE_MODIFIED) VALUES ('Dan','Manager',null,'Austin','TX',null,'Head of HR',null,'1','Bachelor','1',125,101,'dan_mgr',CURRENT_TIMESTAMP);
INSERT INTO USER (FIRSTNAME,LASTNAME,STREETADDR,CITY,STATE,ZIPCODE,TITLE,MANAGER,ISMANAGER,EDULEVEL,STATUS,DEPTID,TYPEID,USERID,DATE_MODIFIED) VALUES ('Eve','Manager',null,'Seattle','WA',null,'Head of Product Dev',null,'1','Master','1',127,101,'eve_mgr',CURRENT_TIMESTAMP);

-- IT Department
INSERT INTO USER (FIRSTNAME,LASTNAME,STREETADDR,CITY,STATE,ZIPCODE,TITLE,MANAGER,ISMANAGER,EDULEVEL,STATUS,DEPTID,TYPEID,USERID,DATE_MODIFIED) VALUES ('Frank','Taylor',null,'Boston','MA',null,'IT Specialist','alice_mgr','0','Bachelor','0',112,102,'frank_taylor',CURRENT_TIMESTAMP);
INSERT INTO USER (FIRSTNAME,LASTNAME,STREETADDR,CITY,STATE,ZIPCODE,TITLE,MANAGER,ISMANAGER,EDULEVEL,STATUS,DEPTID,TYPEID,USERID,DATE_MODIFIED) VALUES ('Grace','Lee',null,'Denver','CO',null,'IT Analyst','alice_mgr','0','Bachelor','0',112,102,'grace_lee',CURRENT_TIMESTAMP);

-- Marketing Department
INSERT INTO USER (FIRSTNAME,LASTNAME,STREETADDR,CITY,STATE,ZIPCODE,TITLE,MANAGER,ISMANAGER,EDULEVEL,STATUS,DEPTID,TYPEID,USERID,DATE_MODIFIED) VALUES ('Heidi','Smith',null,'Miami','FL',null,'Marketing Analyst','bob_mgr','0','Bachelor','0',105,102,'heidi_smith',CURRENT_TIMESTAMP);
INSERT INTO USER (FIRSTNAME,LASTNAME,STREETADDR,CITY,STATE,ZIPCODE,TITLE,MANAGER,ISMANAGER,EDULEVEL,STATUS,DEPTID,TYPEID,USERID,DATE_MODIFIED) VALUES ('Ivan','Brown',null,'Phoenix','AZ',null,'Marketing Coordinator','bob_mgr','0','Bachelor','0',105,102,'ivan_brown',CURRENT_TIMESTAMP);

-- Legal Department
INSERT INTO USER (FIRSTNAME,LASTNAME,STREETADDR,CITY,STATE,ZIPCODE,TITLE,MANAGER,ISMANAGER,EDULEVEL,STATUS,DEPTID,TYPEID,USERID,DATE_MODIFIED) VALUES ('Judy','Williams',null,'San Diego','CA',null,'Legal Counsel','carol_mgr','0','Master','0',120,102,'judy_williams',CURRENT_TIMESTAMP);
INSERT INTO USER (FIRSTNAME,LASTNAME,STREETADDR,CITY,STATE,ZIPCODE,TITLE,MANAGER,ISMANAGER,EDULEVEL,STATUS,DEPTID,TYPEID,USERID,DATE_MODIFIED) VALUES ('Karl','Nguyen',null,'Portland','OR',null,'Legal Assistant','carol_mgr','0','Bachelor','0',120,102,'karl_nguyen',CURRENT_TIMESTAMP);

-- HR Department
INSERT INTO USER (FIRSTNAME,LASTNAME,STREETADDR,CITY,STATE,ZIPCODE,TITLE,MANAGER,ISMANAGER,EDULEVEL,STATUS,DEPTID,TYPEID,USERID,DATE_MODIFIED) VALUES ('Laura','Patel',null,'Dallas','TX',null,'HR Specialist','dan_mgr','0','Bachelor','0',125,102,'laura_patel',CURRENT_TIMESTAMP);
INSERT INTO USER (FIRSTNAME,LASTNAME,STREETADDR,CITY,STATE,ZIPCODE,TITLE,MANAGER,ISMANAGER,EDULEVEL,STATUS,DEPTID,TYPEID,USERID,DATE_MODIFIED) VALUES ('Mallory','Chen',null,'Houston','TX',null,'HR Coordinator','dan_mgr','0','Bachelor','0',125,102,'mallory_chen',CURRENT_TIMESTAMP);

-- Product Development Department
INSERT INTO USER (FIRSTNAME,LASTNAME,STREETADDR,CITY,STATE,ZIPCODE,TITLE,MANAGER,ISMANAGER,EDULEVEL,STATUS,DEPTID,TYPEID,USERID,DATE_MODIFIED) VALUES ('Niaj','Garcia',null,'San Jose','CA',null,'Product Engineer','eve_mgr','0','Master','0',127,102,'niaj_garcia',CURRENT_TIMESTAMP);
INSERT INTO USER (FIRSTNAME,LASTNAME,STREETADDR,CITY,STATE,ZIPCODE,TITLE,MANAGER,ISMANAGER,EDULEVEL,STATUS,DEPTID,TYPEID,USERID,DATE_MODIFIED) VALUES ('Olivia','Fox',null,'San Francisco','CA',null,'Product Designer','eve_mgr','0','Bachelor','0',127,102,'olivia_fox',CURRENT_TIMESTAMP);

-- General Services (no manager, department head)
INSERT INTO USER (FIRSTNAME,LASTNAME,STREETADDR,CITY,STATE,ZIPCODE,TITLE,MANAGER,ISMANAGER,EDULEVEL,STATUS,DEPTID,TYPEID,USERID,DATE_MODIFIED) VALUES ('Paul','Green',null,'Atlanta','GA',null,'General Services Head',null,'1','Master','1',104,101,'paul_green',CURRENT_TIMESTAMP);
-- Staff in General Services
INSERT INTO USER (FIRSTNAME,LASTNAME,STREETADDR,CITY,STATE,ZIPCODE,TITLE,MANAGER,ISMANAGER,EDULEVEL,STATUS,DEPTID,TYPEID,USERID,DATE_MODIFIED) VALUES ('Quinn','Scott',null,'Charlotte','NC',null,'Services Staff','paul_green','0','Bachelor','0',104,102,'quinn_scott',CURRENT_TIMESTAMP);

-- A few users in other departments, some without managers
INSERT INTO USER (FIRSTNAME,LASTNAME,STREETADDR,CITY,STATE,ZIPCODE,TITLE,MANAGER,ISMANAGER,EDULEVEL,STATUS,DEPTID,TYPEID,USERID,DATE_MODIFIED) VALUES ('Rita','Kimble',null,'Cleveland','OH',null,'Audit Specialist',null,'0','Bachelor','0',118,102,'rita_kimble',CURRENT_TIMESTAMP);
INSERT INTO USER (FIRSTNAME,LASTNAME,STREETADDR,CITY,STATE,ZIPCODE,TITLE,MANAGER,ISMANAGER,EDULEVEL,STATUS,DEPTID,TYPEID,USERID,DATE_MODIFIED) VALUES ('Steve','Hayward',null,'New York','NY',null,'Compliance Analyst',null,'0','Bachelor','0',121,102,'steve_hayward',CURRENT_TIMESTAMP);
INSERT INTO USER (FIRSTNAME,LASTNAME,STREETADDR,CITY,STATE,ZIPCODE,TITLE,MANAGER,ISMANAGER,EDULEVEL,STATUS,DEPTID,TYPEID,USERID,DATE_MODIFIED) VALUES ('Trent','Goodwin',null,'Madison','FL',null,'IT Support','alice_mgr','0','Bachelor','0',112,102,'trent_goodwin',CURRENT_TIMESTAMP);

-- CEO (no manager, top-level)
INSERT INTO USER (FIRSTNAME,LASTNAME,STREETADDR,CITY,STATE,ZIPCODE,TITLE,MANAGER,ISMANAGER,EDULEVEL,STATUS,DEPTID,TYPEID,USERID,DATE_MODIFIED) VALUES ('Uma','CEO',null,'San Jose','CA',null,'Chief Executive Officer',null,'1','PhD','1',130,100,'uma_ceo',CURRENT_TIMESTAMP);

-- Sample Users from EMPLOYEE legacy data
-- NOTE: DEPTNAME and USERTYPE are mapped to DEPTID and TYPEID using the DEPARTMENT and USERTYPE tables
INSERT INTO USER (FIRSTNAME,LASTNAME,STREETADDR,CITY,STATE,ZIPCODE,TITLE,MANAGER,ISMANAGER,EDULEVEL,STATUS,DEPTID,TYPEID,USERID,DATE_MODIFIED) VALUES ('Angela','Brown',null,'West Palm Beach','FL',null,null,'DFox','0','Upper Secondary','0',127,102,'ABrown',CURRENT_TIMESTAMP);
INSERT INTO USER (FIRSTNAME,LASTNAME,STREETADDR,CITY,STATE,ZIPCODE,TITLE,MANAGER,ISMANAGER,EDULEVEL,STATUS,DEPTID,TYPEID,USERID,DATE_MODIFIED) VALUES ('Abigail','Gill',null,'New Orleans','LA',null,null,'DFox','0','Secondary','0',116,102,'AGill',CURRENT_TIMESTAMP);
INSERT INTO USER (FIRSTNAME,LASTNAME,STREETADDR,CITY,STATE,ZIPCODE,TITLE,MANAGER,ISMANAGER,EDULEVEL,STATUS,DEPTID,TYPEID,USERID,DATE_MODIFIED) VALUES ('Angeline','Robertson',null,'Tacoma','WA',null,null,'DFox','0','Bachelor','0',120,102,'ARobertson',CURRENT_TIMESTAMP);
INSERT INTO USER (FIRSTNAME,LASTNAME,STREETADDR,CITY,STATE,ZIPCODE,TITLE,MANAGER,ISMANAGER,EDULEVEL,STATUS,DEPTID,TYPEID,USERID,DATE_MODIFIED) VALUES ('Chad','Little',null,'Harlingen','TX',null,'Recruiter',null,'1','Upper Secondary','0',125,102,'CLittle',CURRENT_TIMESTAMP);
INSERT INTO USER (FIRSTNAME,LASTNAME,STREETADDR,CITY,STATE,ZIPCODE,TITLE,MANAGER,ISMANAGER,EDULEVEL,STATUS,DEPTID,TYPEID,USERID,DATE_MODIFIED) VALUES ('Cassandra','Shaner',null,'Syracuse','NY',null,'Industry Energy Buyer',null,'1','Secondary','0',128,102,'CShaner',CURRENT_TIMESTAMP);
INSERT INTO USER (FIRSTNAME,LASTNAME,STREETADDR,CITY,STATE,ZIPCODE,TITLE,MANAGER,ISMANAGER,EDULEVEL,STATUS,DEPTID,TYPEID,USERID,DATE_MODIFIED) VALUES ('Debora','Brittain',null,'Montgomery','AL',null,null,'DFox','0','Tertiary','0',105,102,'DBrittain',CURRENT_TIMESTAMP);
INSERT INTO USER (FIRSTNAME,LASTNAME,STREETADDR,CITY,STATE,ZIPCODE,TITLE,MANAGER,ISMANAGER,EDULEVEL,STATUS,DEPTID,TYPEID,USERID,DATE_MODIFIED) VALUES ('David','Fox',null,'Oakland','CA',null,null,null,'1','Upper Secondary','0',127,102,'DFox',CURRENT_TIMESTAMP);
INSERT INTO USER (FIRSTNAME,LASTNAME,STREETADDR,CITY,STATE,ZIPCODE,TITLE,MANAGER,ISMANAGER,EDULEVEL,STATUS,DEPTID,TYPEID,USERID,DATE_MODIFIED) VALUES ('David','Sparkman',null,'Mill Valley','CA',null,'Recruiter',null,'1','Upper Secondary','0',125,102,'DSparkman',CURRENT_TIMESTAMP);
INSERT INTO USER (FIRSTNAME,LASTNAME,STREETADDR,CITY,STATE,ZIPCODE,TITLE,MANAGER,ISMANAGER,EDULEVEL,STATUS,DEPTID,TYPEID,USERID,DATE_MODIFIED) VALUES ('Elizabeth','Kimble',null,'Cleveland','OH',null,null,'DFox','0','Post-Secondary','0',114,102,'EKimble',CURRENT_TIMESTAMP);
INSERT INTO USER (FIRSTNAME,LASTNAME,STREETADDR,CITY,STATE,ZIPCODE,TITLE,MANAGER,ISMANAGER,EDULEVEL,STATUS,DEPTID,TYPEID,USERID,DATE_MODIFIED) VALUES ('Helen','Hayward',null,'New York','NY',null,null,'DFox','0','NA','0',116,102,'HHayward',CURRENT_TIMESTAMP);
INSERT INTO USER (FIRSTNAME,LASTNAME,STREETADDR,CITY,STATE,ZIPCODE,TITLE,MANAGER,ISMANAGER,EDULEVEL,STATUS,DEPTID,TYPEID,USERID,DATE_MODIFIED) VALUES ('Jasmine','Goodwin',null,'Madison','FL',null,null,null,'1','Upper Secondary','0',102,103,'JGoodwin',CURRENT_TIMESTAMP);
INSERT INTO USER (FIRSTNAME,LASTNAME,STREETADDR,CITY,STATE,ZIPCODE,TITLE,MANAGER,ISMANAGER,EDULEVEL,STATUS,DEPTID,TYPEID,USERID,DATE_MODIFIED) VALUES ('Jean','Hicks',null,'Abbyville','KS',null,null,'DFox','0','Upper Secondary','0',111,102,'JHicks',CURRENT_TIMESTAMP);
INSERT INTO USER (FIRSTNAME,LASTNAME,STREETADDR,CITY,STATE,ZIPCODE,TITLE,MANAGER,ISMANAGER,EDULEVEL,STATUS,DEPTID,TYPEID,USERID,DATE_MODIFIED) VALUES ('Jessica','Hillis',null,'High Point','MO',null,null,'DFox','0','Upper Secondary','0',114,102,'JHillis',CURRENT_TIMESTAMP);
INSERT INTO USER (FIRSTNAME,LASTNAME,STREETADDR,CITY,STATE,ZIPCODE,TITLE,MANAGER,ISMANAGER,EDULEVEL,STATUS,DEPTID,TYPEID,USERID,DATE_MODIFIED) VALUES ('Jeffrey','Turner',null,'Los Angeles','CA',null,null,'DFox','0','Upper Secondary','0',111,102,'JTurner',CURRENT_TIMESTAMP);
INSERT INTO USER (FIRSTNAME,LASTNAME,STREETADDR,CITY,STATE,ZIPCODE,TITLE,MANAGER,ISMANAGER,EDULEVEL,STATUS,DEPTID,TYPEID,USERID,DATE_MODIFIED) VALUES ('Leon','Dinh',null,'Mountain View','CA',null,null,null,'1','Upper Secondary','0',111,103,'LDinh',CURRENT_TIMESTAMP);
INSERT INTO USER (FIRSTNAME,LASTNAME,STREETADDR,CITY,STATE,ZIPCODE,TITLE,MANAGER,ISMANAGER,EDULEVEL,STATUS,DEPTID,TYPEID,USERID,DATE_MODIFIED) VALUES ('Leann','Greenleaf',null,'Pittsburgh','PA',null,null,'DFox','0','Post-Secondary','0',118,102,'LGreenleaf',CURRENT_TIMESTAMP);
INSERT INTO USER (FIRSTNAME,LASTNAME,STREETADDR,CITY,STATE,ZIPCODE,TITLE,MANAGER,ISMANAGER,EDULEVEL,STATUS,DEPTID,TYPEID,USERID,DATE_MODIFIED) VALUES ('Mark','Anderson',null,'Richmond','VA',null,null,null,'1','Upper Secondary','0',127,103,'MAnderson',CURRENT_TIMESTAMP);
INSERT INTO USER (FIRSTNAME,LASTNAME,STREETADDR,CITY,STATE,ZIPCODE,TITLE,MANAGER,ISMANAGER,EDULEVEL,STATUS,DEPTID,TYPEID,USERID,DATE_MODIFIED) VALUES ('Mary','Nunez',null,'Butte','NE',null,null,'DFox','0','Upper Secondary','0',119,102,'MNunez',CURRENT_TIMESTAMP);
INSERT INTO USER (FIRSTNAME,LASTNAME,STREETADDR,CITY,STATE,ZIPCODE,TITLE,MANAGER,ISMANAGER,EDULEVEL,STATUS,DEPTID,TYPEID,USERID,DATE_MODIFIED) VALUES ('Marcelo','Perez',null,'Laramie','WY',null,null,null,'1','Upper Secondary','0',128,103,'MPerez',CURRENT_TIMESTAMP);
INSERT INTO USER (FIRSTNAME,LASTNAME,STREETADDR,CITY,STATE,ZIPCODE,TITLE,MANAGER,ISMANAGER,EDULEVEL,STATUS,DEPTID,TYPEID,USERID,DATE_MODIFIED) VALUES ('Mark','Powers',null,'Corpus Christi','TX',null,null,null,'1','Upper Secondary','0',105,103,'MPowers',CURRENT_TIMESTAMP);
INSERT INTO USER (FIRSTNAME,LASTNAME,STREETADDR,CITY,STATE,ZIPCODE,TITLE,MANAGER,ISMANAGER,EDULEVEL,STATUS,DEPTID,TYPEID,USERID,DATE_MODIFIED) VALUES ('Misty','Scott',null,'Vineland','NJ',null,'Residential Energy Buyer',null,'1','Secondary','0',124,103,'MScott',CURRENT_TIMESTAMP);
INSERT INTO USER (FIRSTNAME,LASTNAME,STREETADDR,CITY,STATE,ZIPCODE,TITLE,MANAGER,ISMANAGER,EDULEVEL,STATUS,DEPTID,TYPEID,USERID,DATE_MODIFIED) VALUES ('Rose','Bremner',null,'Manchester','NH',null,null,null,'1','Upper Secondary','0',111,102,'RBremner',CURRENT_TIMESTAMP);
INSERT INTO USER (FIRSTNAME,LASTNAME,STREETADDR,CITY,STATE,ZIPCODE,TITLE,MANAGER,ISMANAGER,EDULEVEL,STATUS,DEPTID,TYPEID,USERID,DATE_MODIFIED) VALUES ('Robert','Fassett',null,'New York','NY',null,null,null,'1','Upper Secondary','0',125,102,'RFassett',CURRENT_TIMESTAMP);
INSERT INTO USER (FIRSTNAME,LASTNAME,STREETADDR,CITY,STATE,ZIPCODE,TITLE,MANAGER,ISMANAGER,EDULEVEL,STATUS,DEPTID,TYPEID,USERID,DATE_MODIFIED) VALUES ('Shirley','Chang',null,'Abbyville','KS',null,null,null,'1','Upper Secondary','0',111,102,'SChang',CURRENT_TIMESTAMP);

INSERT INTO USER (FIRSTNAME,LASTNAME,STREETADDR,CITY,STATE,ZIPCODE,TITLE,MANAGER,ISMANAGER,EDULEVEL,STATUS,DEPTID,TYPEID,USERID,DATE_MODIFIED) VALUES ('Misty','Scott',null,'Vineland','NJ',null,'Residential Energy Buyer',null,'1','Secondary','0',124,100,'MScott',CURRENT_TIMESTAMP);
INSERT INTO USER (FIRSTNAME,LASTNAME,STREETADDR,CITY,STATE,ZIPCODE,TITLE,MANAGER,ISMANAGER,EDULEVEL,STATUS,DEPTID,TYPEID,USERID,DATE_MODIFIED) VALUES ('Rose','Bremner',null,'Manchester','NH',null,null,null,'1','Upper Secondary','0',111,100,'RBremner',CURRENT_TIMESTAMP);
-- Removed: DEPTID 125 exists, but TYPEID is NULL. Set TYPEID to 100 (default user type).
INSERT INTO USER (FIRSTNAME,LASTNAME,STREETADDR,CITY,STATE,ZIPCODE,TITLE,MANAGER,ISMANAGER,EDULEVEL,STATUS,DEPTID,TYPEID,USERID,DATE_MODIFIED) VALUES ('Robert','Fassett',null,'New York','NY',null,null,null,'1','Upper Secondary','0',125,100,'RFassett',CURRENT_TIMESTAMP);
INSERT INTO USER (FIRSTNAME,LASTNAME,STREETADDR,CITY,STATE,ZIPCODE,TITLE,MANAGER,ISMANAGER,EDULEVEL,STATUS,DEPTID,TYPEID,USERID,DATE_MODIFIED) VALUES ('Shirley','Chang',null,'Abbyville','KS',null,null,null,'1','Upper Secondary','0',111,100,'SChang',CURRENT_TIMESTAMP);
INSERT INTO USER (FIRSTNAME,LASTNAME,STREETADDR,CITY,STATE,ZIPCODE,TITLE,MANAGER,ISMANAGER,EDULEVEL,STATUS,DEPTID,TYPEID,USERID,DATE_MODIFIED) VALUES ('John','Smith',null,'Abbyville','KS',null,null,null,'1','Upper Secondary','0',111,100,'JSmith',CURRENT_TIMESTAMP);
